iter	RMSE
0	0.1704965635
1	0.1689014964
2	0.1673936112
3	0.1659025812
